Company,Position,Location,URL
Anchorage Digital,OTC Trader Portugal,Portugal,https://remoteOK.com/remote-jobs/remote-otc-trader-portugal-anchorage-digital-1090644
Serotonin,Senior Web Designer,,https://remoteOK.com/remote-jobs/remote-senior-web-designer-serotonin-1090287
Rarible,Senior Backend Engineer,Remote - Lisbon/EU,https://remoteOK.com/remote-jobs/remote-senior-backend-engineer-rarible-1090185
Lumin Digital,Senior Software Implementation Engineer,Remote- United States,https://remoteOK.com/remote-jobs/remote-senior-software-implementation-engineer-lumin-digital-1089999
OfferFit,Machine Learning Implementation Engineer,"Boston, Massachusetts, United States",https://remoteOK.com/remote-jobs/remote-machine-learning-implementation-engineer-offerfit-1089998
Smile Digital Health,Front End Developer 1 year contract,Remote,https://remoteOK.com/remote-jobs/remote-front-end-developer-1-year-contract-smile-digital-health-1089636
HighLevel,Data Engineer,Delhi,https://remoteOK.com/remote-jobs/remote-data-engineer-highlevel-1089551
airSlate,Growth Marketer,,https://remoteOK.com/remote-jobs/remote-growth-marketer-airslate-1089388
Visuary,Full Stack TypeScript + Golang 2D 3D floor plan editor,,https://remoteOK.com/remote-jobs/remote-full-stack-typescript-golang-2d-3d-floor-plan-editor-visuary-1089225
Rocket Communications,Staff Developer,Remote,https://remoteOK.com/remote-jobs/remote-staff-developer-rocket-communications-1088673
EasyPost,Software Engineer III,Remote,https://remoteOK.com/remote-jobs/remote-software-engineer-iii-easypost-1088672
Strapi,Support Engineer,,https://remoteOK.com/remote-jobs/remote-support-engineer-strapi-1088390
Interaction Design Foundation,Admin and Support Specialist,,https://remoteOK.com/remote-jobs/remote-admin-and-support-specialist-interaction-design-foundation-1087945
Lemon.io,Senior Full stack Developer,,https://remoteOK.com/remote-jobs/remote-senior-full-stack-developer-lemon-io-1087780
Netomi,SDE I,Gurugram,https://remoteOK.com/remote-jobs/remote-sde-i-netomi-1087585
LendingWise,Sr Software Developer PHP MySQL,,https://remoteOK.com/remote-jobs/remote-sr-software-developer-php-mysql-lendingwise-1087580
Gorilla Logic,Engineer JT,,https://remoteOK.com/remote-jobs/remote-engineer-jt-gorilla-logic-1087368
